id;name;start_date;end_date;description;created_at;updated_at;deleted_at
1;correspondence vacantly;2024-09-02T21:01:53;2024-09-02T19:55:37;boohoo grandmom;2024-09-03T07:17:40;2024-09-02T15:02:40;2024-09-02T12:26:35
2;eek huzzah how;2024-09-02T16:17:25;2024-09-03T06:55:11;rigidly;2024-09-03T04:01:32;2024-09-02T16:38:45;2024-09-03T09:06:17
3;watchmaker flowery;2024-09-02T12:51:22;2024-09-03T05:42:28;gracefully athwart palpate;2024-09-03T05:50:40;2024-09-03T04:27:04;2024-09-02T12:22:02
4;and derrick;2024-09-02T13:13:54;2024-09-03T03:01:24;nitrify;2024-09-03T05:12:29;2024-09-03T06:23:36;2024-09-02T15:37:02
5;hm persevere cool;2024-09-02T16:50:37;2024-09-02T10:07:35;famously soon;2024-09-02T16:35:57;2024-09-02T23:22:19;2024-09-03T01:13:33
6;drat mincemeat;2024-09-02T22:32:07;2024-09-02T15:12:46;per brr politely;2024-09-02T12:21:06;2024-09-02T22:52:41;2024-09-02T19:09:41
7;who behind inveigle;2024-09-02T23:12:15;2024-09-02T23:01:08;warped fooey;2024-09-02T18:49:26;2024-09-02T15:41:53;2024-09-02T19:10:58
8;barstool hm;2024-09-03T08:11:59;2024-09-02T17:47:36;budge;2024-09-02T18:27:01;2024-09-03T04:29:43;2024-09-02T16:50:16
9;harmless;2024-09-02T12:58:49;2024-09-02T23:17:04;beneath;2024-09-02T20:07:28;2024-09-03T09:44:45;2024-09-03T00:33:12
10;before unethically gosh;2024-09-02T12:17:55;2024-09-02T17:54:03;scared;2024-09-02T15:29:21;2024-09-03T06:01:31;2024-09-02T16:14:16
