id;secondary_email;phone_number;created_at;updated_at;deleted_at
1;aw;complex;2024-09-02T11:25:50;2024-09-02T17:52:33;2024-09-02T10:54:57
2;ew cork;poleaxe tough supposing;2024-09-03T00:42:55;2024-09-02T14:43:26;2024-09-03T08:46:10
3;miserably zowie wherever;readily;2024-09-02T13:23:06;2024-09-03T07:50:43;2024-09-03T00:55:26
4;huzzah misjudge;supposing exculpate;2024-09-02T23:23:04;2024-09-03T03:13:02;2024-09-02T22:57:14
5;pumpernickel tidy ah;gosh rapid;2024-09-02T12:53:20;2024-09-03T06:04:27;2024-09-02T15:57:22
6;monthly;where;2024-09-02T14:44:33;2024-09-02T14:48:17;2024-09-02T13:36:37
7;whack;dishonest likely;2024-09-02T13:52:28;2024-09-02T23:10:47;2024-09-02T10:00:30
8;grip what;over stupendous;2024-09-02T19:53:40;2024-09-02T21:33:24;2024-09-02T17:54:43
9;implore circa;unlike;2024-09-03T06:15:20;2024-09-02T12:03:45;2024-09-03T08:10:03
10;disprove;xylophone;2024-09-02T11:06:28;2024-09-03T00:51:49;2024-09-02T15:18:29
