id;name;created_at;updated_at;deleted_at
1;nervously joshingly;2024-09-02T11:57:05;2024-09-03T01:10:50;2024-09-03T01:01:01
2;lam tangible for;2024-09-02T21:34:55;2024-09-02T13:02:46;2024-09-02T16:32:06
3;mild phew superior;2024-09-03T05:00:45;2024-09-03T05:11:49;2024-09-02T18:10:28
4;systematise once minus;2024-09-02T10:03:11;2024-09-02T23:42:24;2024-09-03T04:23:47
5;enshroud;2024-09-02T22:16:57;2024-09-03T01:02:09;2024-09-02T22:08:55
6;mechanism for bather;2024-09-02T19:56:44;2024-09-02T21:01:06;2024-09-02T21:39:25
7;efficacy;2024-09-03T09:21:17;2024-09-02T13:31:21;2024-09-02T21:29:58
8;rubbish;2024-09-02T13:39:21;2024-09-02T11:59:35;2024-09-02T17:12:03
9;office adolescent;2024-09-02T13:35:01;2024-09-03T08:43:13;2024-09-03T04:40:31
10;waist enthusiastically;2024-09-02T20:32:43;2024-09-02T23:33:49;2024-09-02T09:58:29
